,SA2_MAINCODE_2016,SA2_name,Index of Relative Socio-economic Disadvantage: Score,Male_Lone_Parent_Employed_Worked_Full_Time,Female_Lone_Parent_Employed_Worked_Full_Time,Total_Lone_Parents_Employed_Worked_Full_Time,Male_Lone_Parent_Total_Employed,Female_Lone_Parent_Total_Employed,Total_Lone_Parents_Total_Employed,Male_Lone_Parent_Total_Unemployed,Female_Lone_Parent_Total_Unemployed,Total_Lone_Parents_Total_Unemployed,Male_Lone_Parent_Total,Female_Lone_Parent_Total,Total_Lone_Parents_Total,Female_parent_Employed_worked_Full_time_Male_parent_Employed_Worked_full_time,Female_parent_Employed_worked_Full_time_Male_parent_Employed_Worked_part_time,Female_parent_Employed_worked_Full_time_Male_parent_Unemployed_looking_for_Total,Female_parent_Employed_worked_Full_time_Male_parent_Not_in_the_labour_force,Female_parent_Employed_worked_Full_time_Total,Female_parent_Employed_worked_Part_time_Male_parent_Employed_Worked_full_time,Female_parent_Employed_worked_Part_time_Male_parent_Employed_Worked_part_time,Female_parent_Employed_worked_Part_time_Male_parent_Employed_Total,Female_parent_Employed_worked_Part_time_Total,Female_parent_Employed_away_from_work_Male_parent_Employed_Total,Female_parent_Total_Employed_Male_Parent_Employed_Total,Female_parent_Total_Unemployed_Male_Parent_Employed_Total,Female_parent_Total_Unemployed_Male_Parent_Unemployed_Looking_For_Total,Female_parent_Not_in_the_labour_force_Male_parent_Employed_Total,Female_parent_Not_in_the_labour_force_Male_parent_Not_in_the_labour_force,Female_parent_Total_Total,code,name,total,vulnerable,vulnerable_percentage
0,201011001,Alfredton,1045,3,3,3,3,34,36,0,3,3,3,77,82,64,12,0,3,85,281,16,308,314,82,469,14,3,184,10,696,21001,Alfredton,154,23,0.15
1,201011002,Ballarat,1035,5,0,5,5,26,32,0,9,9,9,71,77,49,10,0,0,64,167,34,200,210,45,305,4,0,120,9,466,21002,Ballarat,116,16,0.14
2,201011003,Ballarat - North,999,7,7,16,10,63,71,3,13,18,12,192,198,86,16,3,9,117,407,45,454,472,122,687,17,0,332,31,1116,21003,Ballarat - North,282,48,0.17
3,201011004,Ballarat - South,926,7,15,18,6,101,108,0,15,22,19,373,388,66,15,5,10,99,372,44,421,442,91,608,25,3,307,52,1070,21004,Ballarat - South,281,52,0.19
4,201011005,Buninyong,1066,0,0,0,0,10,9,0,0,0,0,24,29,30,0,0,3,34,122,21,146,148,45,225,8,0,108,4,353,21005,Buninyong,107,20,0.19
5,201011006,Delacombe,968,0,3,3,3,27,28,0,10,10,3,88,89,43,4,0,7,54,145,9,159,160,25,234,9,0,68,15,339,21006,Delacombe,103,23,0.22
6,201011007,Smythes Creek,1052,0,0,0,0,3,3,0,4,4,0,15,15,21,3,0,0,17,61,6,65,72,20,114,0,0,69,3,187,21007,Smythes Creek,49,8,0.16
7,201011008,Wendouree - Miners Rest,906,3,9,13,3,47,50,0,16,16,5,221,227,46,11,3,3,70,257,33,290,308,52,406,11,0,195,33,697,21008,Wendouree - Miners Rest,182,59,0.32
8,201021009,Bacchus Marsh Region,1012,0,6,9,3,17,16,0,0,0,3,39,39,22,0,5,4,32,88,7,99,108,22,152,0,0,79,4,261,21009,Bacchus Marsh Region,60,8,0.13
9,201021010,Creswick - Clunes,984,0,3,6,3,11,13,3,0,3,3,43,50,15,3,0,3,15,107,13,119,130,30,172,4,0,88,15,290,21010,Creswick - Clunes,82,8,0.1
10,201021011,Daylesford,1007,0,3,3,0,22,23,0,0,0,0,53,52,9,7,3,3,23,83,24,106,117,28,156,5,0,99,6,285,21011,Daylesford,59,22,0.37
11,201021012,Gordon (Vic.),1023,0,0,0,0,7,7,0,0,0,0,30,36,18,6,0,0,23,71,8,81,88,12,119,3,0,80,10,223,21012,Gordon (Vic.),58,11,0.19
12,201031013,Avoca,931,0,0,0,0,0,0,0,0,0,0,8,8,11,3,0,0,12,32,0,36,36,9,58,0,0,41,6,115,21013,Avoca,32,7,0.22
13,201031014,Beaufort,969,0,5,7,0,14,15,0,3,3,4,31,33,13,0,0,0,13,64,7,69,68,14,100,3,0,49,0,155,21014,Beaufort,43,6,0.14
14,201031015,Golden Plains - North,993,0,0,0,0,7,7,0,0,0,0,23,25,12,0,0,0,13,78,9,87,89,14,116,10,0,71,3,198,21015,Golden Plains - North,54,14,0.26
15,201031016,Maryborough (Vic.),873,0,0,0,0,16,16,0,9,9,3,108,114,18,7,0,0,25,70,7,78,83,18,121,4,0,70,13,226,21016,Maryborough (Vic.),82,28,0.34
16,201031017,Maryborough Region,914,0,0,0,0,7,8,0,5,5,7,34,42,8,0,0,0,14,35,7,40,42,10,67,3,0,59,7,146,21017,Maryborough Region,42,13,0.31
17,202011018,Bendigo,919,4,7,10,6,41,50,0,15,21,15,184,201,31,19,0,0,49,123,29,152,163,43,247,12,0,174,29,509,21018,Bendigo,169,50,0.3
18,202011019,California Gully - Eaglehawk,899,4,13,16,4,50,51,4,17,20,7,207,218,47,6,4,3,63,145,34,182,197,38,280,10,4,171,34,542,21019,California Gully - Eaglehawk,194,82,0.42
19,202011020,East Bendigo - Kennington,996,0,3,8,5,29,33,0,7,5,7,116,125,49,7,4,0,55,181,26,210,211,49,311,13,0,132,21,497,21020,East Bendigo - Kennington,151,28,0.19
20,202011021,Flora Hill - Spring Gully,991,0,3,7,0,21,22,0,0,0,3,85,88,38,10,0,3,50,134,12,150,151,32,233,10,0,107,9,366,21021,Flora Hill - Spring Gully,91,15,0.16
21,202011022,Kangaroo Flat - Golden Square,949,4,13,12,5,59,72,3,5,7,20,219,241,65,11,6,6,90,268,39,310,317,69,456,21,3,309,31,859,21022,Kangaroo Flat - Golden Square,235,56,0.24
22,202011023,Maiden Gully,1074,0,0,3,0,6,11,0,0,0,3,20,27,31,0,0,0,35,157,10,168,169,53,253,11,0,100,0,375,21023,Maiden Gully,97,12,0.12
23,202011024,Strathfieldsaye,1085,0,4,4,0,20,20,0,0,0,0,45,45,51,10,3,0,67,235,11,251,253,67,383,5,0,126,6,529,21024,Strathfieldsaye,155,18,0.12
24,202011025,White Hills - Ascot,1007,5,14,15,5,81,92,0,11,13,11,150,164,77,6,3,4,91,292,22,321,330,109,521,10,0,207,22,781,21025,White Hills - Ascot,203,33,0.16
25,202021026,Bendigo Region - South,1063,0,0,0,0,16,16,0,3,3,0,36,36,42,3,0,5,54,148,13,168,174,36,259,8,0,92,4,368,21026,Bendigo Region - South,100,14,0.14
26,202021027,Castlemaine,984,0,0,3,3,18,16,0,0,0,4,72,73,17,3,0,4,28,105,34,141,148,29,198,5,0,131,10,365,21027,Castlemaine,90,34,0.38
27,202021028,Castlemaine Region,1008,0,0,0,0,6,6,0,0,0,3,22,26,16,4,0,0,30,79,18,104,111,14,150,9,0,93,6,272,21028,Castlemaine Region,63,9,0.14
28,202021029,Heathcote,944,0,0,0,0,0,0,0,0,0,0,32,29,20,0,0,0,26,34,8,44,46,6,79,0,0,50,0,137,21029,Heathcote,53,24,0.45
29,202021030,Kyneton,1017,3,3,3,3,22,29,0,0,3,8,47,54,28,6,0,13,52,154,32,186,198,40,272,9,0,132,10,439,21030,Kyneton,107,12,0.11
30,202021031,Woodend,1071,0,3,7,0,12,11,0,0,0,0,25,32,16,5,0,3,28,124,21,144,149,32,204,4,0,102,3,322,21031,Woodend,97,12,0.12
31,202031032,Bendigo Region - North,994,0,0,0,3,9,12,0,0,0,3,37,40,19,4,0,0,23,70,3,74,74,22,122,0,0,46,9,185,21032,Bendigo Region - North,51,5,0.1
32,202031033,Loddon,941,0,0,0,0,3,3,0,0,0,0,40,40,32,3,0,0,38,62,5,70,72,17,128,0,0,78,19,241,21033,Loddon,63,16,0.25
33,203011034,Bannockburn,1061,7,0,8,7,5,11,0,0,0,7,24,31,34,4,0,0,42,162,18,187,190,57,282,3,0,163,3,460,21034,Bannockburn,116,16,0.14
34,203011035,Golden Plains - South,1030,0,4,4,0,9,9,0,3,3,0,31,29,26,3,0,4,34,130,8,139,146,41,217,7,0,117,5,352,21035,Golden Plains - South,82,15,0.18
35,203011036,Winchelsea,1039,0,0,0,0,5,5,0,0,0,0,27,27,22,5,0,0,28,87,4,87,87,19,137,6,0,88,3,237,21036,Winchelsea,53,10,0.19
36,203021037,Belmont,998,0,7,12,0,32,37,0,7,7,12,73,83,51,3,3,3,73,254,28,290,296,90,450,12,0,189,25,699,21037,Belmont,137,18,0.13
37,203021038,Corio - Norlane,815,6,18,23,7,106,113,0,31,32,27,537,561,64,3,0,5,77,168,22,191,221,47,312,30,4,348,110,902,21038,Corio - Norlane,285,112,0.39
38,203021039,Geelong,1003,3,10,12,5,34,37,0,3,3,4,93,97,43,13,3,7,68,187,27,215,222,43,321,14,0,144,21,532,21039,Geelong,136,31,0.23
39,203021040,Geelong West - Hamlyn Heights,1009,5,6,11,5,48,51,0,3,3,8,112,123,88,12,5,7,120,381,42,425,436,131,671,29,0,291,22,1059,21040,Geelong West - Hamlyn Heights,243,44,0.18
40,203021041,Grovedale,1030,9,11,20,8,75,89,0,4,4,11,156,170,131,21,5,14,175,460,45,505,520,98,765,30,0,377,21,1252,21041,Grovedale,295,43,0.15
41,203021042,Highton,1077,3,13,15,7,39,41,0,4,4,7,80,84,124,18,3,9,159,440,32,474,487,120,754,31,3,282,23,1132,21042,Highton,228,31,0.14
42,203021043,Lara,1027,5,10,14,8,59,72,0,0,0,14,130,138,108,11,3,5,131,327,14,359,372,89,575,15,0,298,11,939,21043,Lara,231,39,0.17
43,203021044,Leopold,1019,0,10,7,3,57,60,3,11,13,4,112,123,74,10,0,4,89,289,25,323,331,80,498,19,3,214,19,770,21044,Leopold,172,31,0.18
44,203021045,Newcomb - Moolap,913,9,9,15,10,46,61,0,6,6,16,175,188,35,3,0,0,43,132,11,156,160,48,243,20,0,147,35,470,21045,Newcomb - Moolap,147,60,0.41
45,203021046,Newtown (Vic.),1070,3,9,10,4,15,16,0,0,0,4,31,36,45,19,0,3,73,193,14,207,211,52,330,10,0,117,6,479,21046,Newtown (Vic.),124,17,0.14
46,203021047,North Geelong - Bell Park,954,6,10,16,5,44,54,0,16,13,12,130,148,56,8,0,6,78,191,36,240,243,63,377,17,0,191,18,628,21047,North Geelong - Bell Park,156,33,0.21
47,203031048,Clifton Springs,1009,3,11,14,3,34,42,0,0,0,6,113,120,28,8,0,3,37,190,18,212,224,42,293,10,0,165,7,504,21048,Clifton Springs,159,26,0.16
48,203031049,Lorne - Anglesea,1066,3,3,4,0,8,10,0,0,0,6,7,16,11,3,0,0,14,48,7,63,64,8,90,6,0,58,0,160,21049,Lorne - Anglesea,47,11,0.23
49,203031050,Ocean Grove - Barwon Heads,1071,3,10,15,5,57,60,0,10,10,3,127,136,105,14,5,9,134,550,51,611,622,143,895,14,0,391,16,1358,21050,Ocean Grove - Barwon Heads,357,75,0.21
50,203031051,Portarlington,964,4,4,5,3,15,19,0,0,0,9,41,51,3,0,0,3,12,53,7,57,68,16,84,0,0,73,7,190,21051,Portarlington,62,20,0.32
51,203031052,Point Lonsdale - Queenscliff,1072,0,0,0,0,3,3,0,0,0,0,4,4,11,3,0,3,17,37,9,42,44,10,59,0,0,31,4,112,21052,Point Lonsdale - Queenscliff,19,4,0.21
52,203031053,Torquay,1092,0,9,9,8,41,44,0,0,0,8,55,61,95,16,4,7,126,444,45,498,519,115,735,21,0,340,11,1150,21053,Torquay,321,31,0.1
53,204011054,Alexandra,981,3,0,3,3,4,10,0,0,0,4,21,19,15,0,0,0,16,75,11,88,95,22,124,3,0,50,13,197,21054,Alexandra,45,5,0.11
54,204011055,Euroa,965,0,0,6,6,21,20,0,4,4,5,54,54,25,3,0,0,29,63,8,67,67,14,114,6,3,48,4,173,21055,Euroa,49,8,0.16
55,204011056,Kilmore - Broadford,995,7,6,13,8,36,43,0,3,7,14,112,129,58,7,0,13,86,161,30,215,215,62,348,13,0,244,21,649,21056,Kilmore - Broadford,173,33,0.19
56,204011057,Mansfield (Vic.),1015,0,4,10,6,12,20,0,0,0,3,33,37,21,6,6,3,35,130,32,167,173,19,222,3,0,90,10,343,21057,Mansfield (Vic.),82,8,0.1
57,204011058,Nagambie,988,0,0,0,0,3,6,0,0,0,3,18,24,19,0,0,6,21,59,4,64,70,8,92,0,0,44,4,151,21058,Nagambie,35,5,0.14
58,204011059,Seymour,897,0,8,8,0,13,13,0,9,9,0,91,91,14,0,0,0,16,48,11,58,64,7,84,0,0,76,11,181,21059,Seymour,78,21,0.27
59,204011062,Yea,984,0,0,0,0,3,3,0,0,0,0,9,9,15,0,0,0,15,39,0,40,46,7,71,3,0,34,4,120,21062,Yea,34,8,0.24
60,204021063,Benalla,928,3,4,6,3,33,34,0,8,8,3,131,134,26,9,3,4,36,92,7,103,112,23,165,9,0,94,9,304,21063,Benalla,90,21,0.23
61,204021064,Benalla Region,1016,0,0,0,0,3,3,0,0,0,3,16,22,8,5,0,0,19,51,4,51,51,16,82,0,0,41,8,134,21064,Benalla Region,29,7,0.24
62,204021065,Rutherglen,974,3,0,0,3,6,8,0,0,0,3,15,24,13,8,0,0,15,49,5,58,58,20,91,0,0,44,4,142,21065,Rutherglen,37,7,0.19
63,204021066,Wangaratta,958,3,7,12,8,53,63,3,9,14,18,181,196,75,8,0,7,90,260,34,301,306,69,467,17,0,206,32,751,21066,Wangaratta,220,27,0.12
64,204021067,Wangaratta Region,1031,0,0,0,3,12,18,0,0,0,3,39,40,41,3,0,3,56,162,8,178,181,38,265,6,0,95,10,391,21067,Wangaratta Region,104,14,0.13
65,204031068,Beechworth,1023,0,5,7,0,19,20,0,6,6,3,35,36,14,3,0,4,19,54,11,73,78,16,107,0,0,30,0,146,21068,Beechworth,64,27,0.42
66,204031069,Bright - Mount Beauty,1012,4,3,10,6,20,22,0,0,0,9,29,35,27,3,0,0,38,88,16,100,106,9,157,0,6,81,3,257,21069,Bright - Mount Beauty,84,20,0.24
67,204031070,Chiltern - Indigo Valley,1007,0,0,0,0,8,8,0,0,0,0,16,22,14,0,0,0,12,38,7,49,56,12,80,5,0,33,4,126,21070,Chiltern - Indigo Valley,31,7,0.23
68,204031071,Myrtleford,960,0,3,3,0,10,10,0,0,0,0,35,35,9,4,0,4,19,48,10,56,59,7,83,0,0,49,3,145,21071,Myrtleford,45,6,0.13
69,204031072,Towong,992,0,0,0,0,3,6,0,0,0,0,22,27,10,5,0,6,19,58,0,61,61,31,111,3,0,73,3,208,21072,Towong,58,14,0.24
70,204031073,West Wodonga,975,8,13,15,7,68,78,0,14,14,9,199,207,87,10,0,7,109,253,20,276,292,92,469,16,3,240,12,767,21073,West Wodonga,220,55,0.25
71,204031074,Wodonga,978,9,23,25,12,82,94,6,26,32,24,270,294,123,14,0,12,155,420,44,483,502,121,764,31,4,377,30,1259,21074,Wodonga,364,80,0.22
72,204031075,Yackandandah,1051,0,4,3,0,5,10,0,0,0,0,17,22,18,8,0,3,30,75,3,81,80,23,128,3,0,49,3,192,21075,Yackandandah,63,14,0.22
73,205011076,Drouin,981,5,5,11,11,45,47,0,5,4,10,136,150,55,4,3,5,72,298,24,334,340,85,487,18,0,293,20,855,21076,Drouin,185,28,0.15
74,205011077,Mount Baw Baw Region,1016,0,3,3,0,8,11,0,0,0,5,29,33,15,3,0,3,29,58,4,68,68,21,113,0,0,67,3,202,21077,Mount Baw Baw Region,58,19,0.33
75,205011078,Trafalgar (Vic.),1005,3,3,12,5,32,37,0,0,0,5,64,73,24,7,0,5,39,129,19,158,157,28,221,8,0,104,7,351,21078,Trafalgar (Vic.),108,17,0.16
76,205011079,Warragul,1001,3,9,10,3,34,39,0,10,10,7,144,153,51,6,3,5,71,274,32,311,316,81,452,16,0,282,25,805,21079,Warragul,205,48,0.23
77,205021081,Bairnsdale,953,0,4,7,4,34,41,0,8,14,12,160,173,40,10,0,7,61,184,24,212,222,57,328,7,0,201,21,589,21081,Bairnsdale,164,43,0.26
78,205021084,Lakes Entrance,951,3,5,3,3,19,24,0,0,3,4,64,69,16,5,4,5,28,94,23,123,137,32,177,3,3,93,10,313,21084,Lakes Entrance,116,21,0.18
79,205021085,Orbost,920,0,3,3,0,16,16,0,0,0,0,39,41,9,0,0,3,14,57,9,65,65,11,87,3,0,66,12,183,21085,Orbost,56,15,0.27
80,205021086,Paynesville,987,0,0,3,0,11,15,0,0,0,0,38,43,5,4,0,0,16,55,6,60,63,11,84,0,0,69,5,163,21086,Paynesville,47,9,0.19
81,205031089,Korumburra,978,0,0,0,0,10,9,0,10,10,3,67,67,45,0,0,0,47,134,20,152,160,26,233,12,0,99,8,366,21089,Korumburra,133,38,0.29
82,205031090,Leongatha,1001,3,6,10,3,27,27,3,0,4,3,74,79,39,10,3,0,47,179,20,206,218,29,288,3,0,187,8,497,21090,Leongatha,135,27,0.2
83,205031093,Wonthaggi - Inverloch,958,12,8,15,13,61,71,3,8,8,27,193,218,49,20,0,8,80,270,40,314,322,57,443,8,3,258,38,814,21093,Wonthaggi - Inverloch,242,43,0.18
84,205041094,Churchill,983,6,7,11,5,27,35,0,6,6,15,112,123,34,5,0,3,40,144,12,159,173,41,249,9,3,132,20,454,21094,Churchill,157,35,0.22
85,205041095,Moe - Newborough,883,4,5,10,8,50,61,5,11,19,21,226,244,24,3,0,0,37,178,25,210,230,53,296,12,3,163,35,551,21095,Moe - Newborough,196,52,0.27
86,205041096,Morwell,829,5,11,14,5,42,44,3,13,24,23,257,282,38,3,0,7,50,91,18,117,133,29,196,4,3,132,52,437,21096,Morwell,168,82,0.49
87,205041097,Traralgon,981,18,12,31,17,73,98,0,20,20,21,268,292,104,13,3,10,137,454,33,488,511,121,749,22,5,328,47,1216,21097,Traralgon,324,74,0.23
88,205041098,Yallourn North - Glengarry,995,0,0,0,0,14,14,0,3,3,0,43,42,15,0,0,0,13,83,9,89,89,12,114,3,3,75,3,206,21098,Yallourn North - Glengarry,63,13,0.21
89,205051101,Maffra,982,5,10,11,6,42,46,0,10,10,6,124,131,39,6,3,9,51,183,23,212,227,53,318,10,0,210,24,589,21101,Maffra,194,61,0.31
90,205051102,Rosedale,1002,0,0,0,0,9,9,0,0,0,3,26,22,30,3,0,0,36,70,3,80,80,18,125,0,3,54,5,196,21102,Rosedale,52,15,0.29
91,205051104,Yarram,941,0,0,3,0,11,14,0,0,0,0,46,47,14,3,0,5,19,60,7,63,69,13,94,0,0,42,3,153,21104,Yarram,48,10,0.21
92,206011105,Brunswick,1053,0,9,11,0,36,37,0,4,4,8,71,73,101,27,3,14,155,315,51,369,384,126,630,17,3,220,25,933,21105,Brunswick,162,22,0.14
93,206011106,Brunswick East,1066,0,5,5,0,18,22,0,0,0,0,27,34,55,5,4,4,69,121,21,146,148,38,244,5,0,97,7,374,21106,Brunswick East,47,6,0.13
94,206011107,Brunswick West,1032,3,10,9,3,27,27,0,7,7,3,60,56,53,8,4,5,77,209,30,239,248,64,376,16,0,162,33,619,21107,Brunswick West,114,25,0.22
95,206011108,Coburg,1024,0,12,12,0,36,39,0,6,3,3,83,90,141,34,6,10,189,473,63,549,568,150,888,35,3,382,44,1417,21108,Coburg,298,37,0.12
96,206011109,Pascoe Vale South,1058,3,3,6,3,8,13,0,3,3,3,28,29,78,4,0,11,96,182,16,207,216,62,359,4,0,170,11,561,21109,Pascoe Vale South,122,18,0.15
97,206021110,Alphington - Fairfield,1073,3,7,10,3,20,16,0,0,0,3,30,34,46,14,0,7,66,146,16,158,168,36,258,8,0,112,3,395,21110,Alphington - Fairfield,103,12,0.12
98,206021111,Northcote,1064,3,10,13,3,45,47,0,4,4,3,66,69,165,33,0,11,212,391,94,491,500,114,802,29,3,259,25,1157,21111,Northcote,250,33,0.13
99,206021112,Thornbury,1038,4,14,16,10,38,47,0,0,0,9,79,86,99,16,3,3,127,330,47,383,392,114,613,20,0,224,13,914,21112,Thornbury,183,26,0.14
100,206031113,Ascot Vale,1003,3,8,9,4,30,32,0,11,11,3,117,121,126,20,4,8,156,250,24,282,282,111,536,16,0,198,31,826,21113,Ascot Vale,182,23,0.13
101,206031114,Essendon - Aberfeldie,1078,4,14,12,8,36,39,0,5,4,4,73,82,164,16,4,7,193,365,29,402,416,135,723,27,5,310,6,1130,21114,Essendon - Aberfeldie,290,38,0.13
102,206031115,Flemington,904,0,3,9,4,25,31,0,5,5,7,99,111,37,12,0,8,53,101,19,118,127,39,212,14,9,109,36,435,21115,Flemington,92,23,0.25
103,206031116,Moonee Ponds,1069,0,3,3,0,10,13,0,3,3,3,28,32,93,7,0,14,114,219,27,246,256,88,434,19,0,190,6,683,21116,Moonee Ponds,165,15,0.09
104,206041117,Carlton,928,0,7,7,0,18,18,0,4,4,3,80,84,39,3,0,3,45,48,8,57,59,12,114,11,0,92,42,294,21117,Carlton,74,21,0.28
105,206041118,Docklands,1060,0,14,14,0,22,22,0,0,0,0,27,27,79,9,3,0,95,50,5,58,60,31,179,26,3,189,29,435,21118,Docklands,61,12,0.2
106,206041123,North Melbourne,989,7,12,16,8,26,30,0,3,3,10,111,117,61,11,6,4,84,111,27,144,154,52,277,17,0,152,31,529,21123,North Melbourne,133,25,0.19
107,206041124,Parkville,1058,0,0,3,3,3,6,0,0,0,3,12,16,26,3,0,0,32,47,4,49,50,7,87,6,3,35,7,147,21124,Parkville,33,4,0.12
108,206041125,South Yarra - West,1112,0,3,4,4,3,9,0,0,0,4,10,15,26,0,3,3,30,43,3,49,53,5,89,6,0,36,4,145,21125,South Yarra - West,27,2,0.07
109,206041126,Southbank,1067,3,9,13,4,18,25,0,0,3,4,36,41,66,8,3,0,73,67,6,77,81,48,196,16,4,168,27,440,21126,Southbank,46,7,0.15
110,206051128,Albert Park,1095,0,6,8,0,13,15,0,3,3,4,23,25,113,12,3,7,141,162,13,181,181,66,382,13,3,196,11,624,21128,Albert Park,160,17,0.11
111,206051129,Elwood,1092,0,11,12,3,40,49,0,0,0,3,64,72,108,11,3,11,131,211,8,217,229,79,424,15,4,165,9,643,21129,Elwood,135,17,0.13
112,206051132,South Melbourne,1030,0,6,6,0,18,18,0,3,3,0,56,56,74,11,4,5,96,131,11,140,151,57,287,7,0,107,14,438,21132,South Melbourne,79,18,0.23
113,206051133,St Kilda,1058,8,11,22,10,21,34,0,4,4,10,45,49,101,12,3,9,122,171,31,206,209,77,404,11,3,170,11,624,21133,St Kilda,111,14,0.13
114,206051134,St Kilda East,1066,0,11,11,4,33,37,0,5,5,4,53,55,86,9,3,0,113,235,66,302,328,66,476,11,0,186,12,729,21134,St Kilda East,119,19,0.16
115,206061135,Armadale,1091,3,10,13,3,23,25,0,0,0,3,30,33,43,7,0,3,54,113,11,128,131,39,223,12,0,118,4,375,21135,Armadale,70,11,0.16
116,206061136,Prahran - Windsor,1072,3,9,16,3,26,23,0,5,5,3,55,53,96,13,0,3,116,197,10,221,230,76,413,12,0,125,6,577,21136,Prahran - Windsor,83,18,0.22
117,206061137,South Yarra - East,1061,0,11,14,3,25,25,0,3,3,3,60,65,82,7,0,0,94,111,13,129,130,54,268,20,0,176,16,509,21137,South Yarra - East,116,22,0.19
118,206061138,Toorak,1112,0,9,9,0,15,13,0,0,0,0,27,33,75,3,0,3,77,82,12,92,95,25,199,5,0,105,6,326,21138,Toorak,63,12,0.19
119,206071139,Abbotsford,1077,3,4,10,3,15,12,0,0,0,3,20,23,37,6,0,8,50,75,16,85,92,28,162,4,0,76,5,257,21139,Abbotsford,31,7,0.23
120,206071140,Carlton North - Princes Hill,1084,0,8,8,0,17,21,0,3,3,0,33,36,39,8,3,3,59,86,18,106,108,39,195,3,0,69,0,295,21140,Carlton North - Princes Hill,53,6,0.11
121,206071141,Collingwood,936,0,3,3,0,16,16,0,6,6,0,107,107,31,9,0,7,38,56,13,71,74,24,135,3,6,63,27,256,21141,Collingwood,72,19,0.26
122,206071142,Fitzroy,957,0,3,8,3,11,12,0,11,13,11,96,107,31,3,3,9,46,74,19,93,97,37,172,6,4,91,40,344,21142,Fitzroy,73,16,0.22
123,206071143,Fitzroy North,1064,0,9,6,0,22,23,0,0,0,3,51,54,60,12,3,8,87,170,21,191,193,36,305,3,3,79,4,422,21143,Fitzroy North,93,6,0.06
124,206071144,Richmond (Vic.),1036,3,11,12,5,23,25,3,4,4,5,149,156,188,21,7,6,223,274,36,311,316,114,651,19,9,230,50,1009,21144,Richmond (Vic.),182,48,0.26
125,206071145,Yarra - North,1100,0,3,3,0,12,12,0,0,0,3,20,24,60,9,0,4,73,152,16,174,174,54,301,8,0,90,3,413,21145,Yarra - North,96,13,0.14
126,207011146,Ashburton (Vic.),1081,0,0,0,0,6,3,0,0,0,0,25,26,63,7,0,0,81,153,15,170,169,54,298,10,0,129,8,455,21146,Ashburton (Vic.),120,17,0.14
127,207011147,Balwyn,1076,0,6,12,0,33,31,0,4,4,4,67,69,75,3,3,5,87,140,18,165,168,42,284,14,0,156,23,494,21147,Balwyn,156,23,0.15
128,207011148,Balwyn North,1083,3,10,12,4,15,21,0,4,4,3,48,48,94,20,3,8,130,211,27,244,253,47,415,12,3,206,25,703,21148,Balwyn North,246,43,0.17
129,207011149,Camberwell,1107,0,11,15,0,36,34,0,4,4,0,60,60,136,13,9,4,165,247,21,267,280,80,501,26,3,254,31,846,21149,Camberwell,244,21,0.09
130,207011150,Glen Iris - East,1125,3,11,12,6,20,23,0,0,0,7,27,33,119,14,0,7,146,295,22,320,326,68,526,8,3,200,10,773,21150,Glen Iris - East,202,21,0.1
131,207011151,Hawthorn,1087,0,3,3,0,16,16,0,4,4,0,35,35,118,20,0,4,148,269,20,292,300,95,531,18,4,214,43,846,21151,Hawthorn,132,12,0.09
132,207011152,Hawthorn East,1094,0,12,12,0,23,24,0,0,0,0,34,34,102,15,5,5,128,195,18,216,229,80,414,18,3,199,18,680,21152,Hawthorn East,156,25,0.16
133,207011153,Kew,1100,0,8,10,0,29,30,0,3,3,0,47,48,143,22,3,5,171,299,24,324,334,79,579,10,3,261,16,904,21153,Kew,182,31,0.17
134,207011154,Kew East,1098,0,0,0,0,3,3,0,0,0,0,13,13,49,5,0,5,64,108,11,122,121,28,207,5,0,87,0,316,21154,Kew East,56,6,0.11
135,207011155,Surrey Hills (West) - Canterbury,1116,0,9,9,0,14,13,0,0,0,0,21,17,92,10,5,3,107,203,23,230,231,65,393,5,0,161,14,594,21155,Surrey Hills (West) - Canterbury,154,11,0.07
136,207021156,Bulleen,1047,0,0,3,0,16,18,0,0,0,0,33,36,59,3,0,7,73,126,21,147,152,42,252,14,0,159,19,470,21156,Bulleen,70,7,0.1
137,207021157,Doncaster,1037,0,11,8,0,24,28,0,0,0,4,65,67,107,10,6,14,138,189,33,226,236,68,425,23,9,263,35,797,21157,Doncaster,210,52,0.25
138,207021159,Templestowe,1085,3,10,19,3,22,26,6,0,4,8,40,47,86,16,0,5,107,167,17,190,196,44,344,24,0,190,22,599,21159,Templestowe,151,29,0.19
139,207021160,Templestowe Lower,1064,0,4,5,4,19,21,0,0,0,8,36,45,103,6,3,4,116,201,17,223,228,58,390,14,3,188,11,644,21160,Templestowe Lower,114,13,0.11
140,207021424,Doncaster East (North),1077,0,11,12,0,23,21,0,3,4,0,40,38,94,5,3,3,111,137,18,159,165,39,309,15,0,224,18,583,21424,Doncaster East (North),175,39,0.22
141,207021425,Doncaster East (South),1029,3,13,18,3,27,26,0,0,0,4,58,64,104,7,6,13,136,157,30,195,203,59,371,24,0,238,30,721,21425,Doncaster East (South),206,42,0.2
142,207031161,Blackburn,1073,0,15,11,0,34,34,0,0,0,3,60,63,142,25,6,11,184,356,28,388,400,97,656,24,6,332,15,1074,21161,Blackburn,238,37,0.16
143,207031162,Blackburn South,1035,0,4,4,3,6,10,0,0,0,4,35,38,70,12,0,10,91,181,17,199,204,54,330,19,0,132,14,526,21162,Blackburn South,132,14,0.11
144,207031163,Box Hill,1016,0,9,11,0,22,23,3,4,8,8,49,60,101,15,6,8,136,204,29,238,246,67,425,25,8,281,20,805,21163,Box Hill,174,25,0.14
145,207031164,Box Hill North,1053,3,10,8,3,26,30,3,3,3,5,57,61,151,13,3,9,180,273,30,304,324,78,551,20,0,262,23,899,21164,Box Hill North,208,22,0.11
146,207031165,Burwood,1002,0,4,5,0,11,13,0,0,0,0,30,31,60,8,4,4,75,101,24,125,130,33,225,3,0,91,9,365,21165,Burwood,81,16,0.2
147,207031166,Burwood East,1025,0,4,4,0,10,14,0,3,3,6,29,29,64,10,3,3,77,100,15,118,130,44,240,13,0,130,16,427,21166,Burwood East,100,12,0.12
148,207031167,Surrey Hills (East) - Mont Albert,1108,3,0,3,3,9,11,0,0,0,3,16,19,62,3,0,4,69,181,21,198,203,36,299,13,5,115,11,453,21167,Surrey Hills (East) - Mont Albert,115,6,0.05
149,208011168,Beaumaris,1117,0,3,3,0,10,10,0,3,3,0,12,12,108,3,0,3,115,164,10,183,188,40,335,8,0,131,6,488,21168,Beaumaris,153,16,0.1
150,208011169,Brighton (Vic.),1107,8,13,19,13,27,41,0,0,0,11,55,69,136,18,7,14,169,284,18,312,317,60,526,19,0,231,11,845,21169,Brighton (Vic.),220,28,0.13
151,208011170,Brighton East,1100,0,6,9,9,25,32,0,0,0,9,42,47,110,12,4,10,131,286,24,309,318,50,484,22,0,171,8,708,21170,Brighton East,199,21,0.11
152,208011171,Cheltenham - Highett (West),1070,0,7,10,0,13,15,0,0,0,0,40,38,87,12,5,4,99,267,15,284,289,76,455,15,0,176,8,684,21171,Cheltenham - Highett (West),184,15,0.08
153,208011172,Hampton,1078,3,3,5,3,16,24,0,3,3,6,58,60,119,9,11,5,144,284,24,312,321,94,548,14,3,266,9,858,21172,Hampton,207,25,0.12
154,208011173,Sandringham - Black Rock,1104,3,4,8,3,13,20,0,0,0,5,38,43,101,14,0,3,121,205,14,223,227,84,433,7,0,200,12,663,21173,Sandringham - Black Rock,159,8,0.05
155,208021174,Bentleigh - McKinnon,1069,3,12,18,3,37,37,0,0,0,11,62,70,152,23,0,3,181,399,25,435,450,122,744,24,3,283,19,1111,21174,Bentleigh - McKinnon,279,30,0.11
156,208021176,Carnegie,1062,3,3,8,3,20,28,0,0,3,9,32,41,139,12,4,3,167,266,33,304,308,83,552,43,0,305,15,967,21176,Carnegie,163,21,0.13
157,208021177,Caulfield - North,1087,7,8,9,6,33,40,0,0,0,11,52,67,104,10,4,8,128,376,55,446,473,93,671,25,9,335,29,1145,21177,Caulfield - North,163,22,0.13
158,208021178,Caulfield - South,1087,8,3,5,10,17,21,0,3,3,10,34,39,130,12,3,7,155,365,30,401,422,77,620,6,0,215,13,896,21178,Caulfield - South,159,28,0.18
159,208021179,Elsternwick,1090,4,5,11,4,17,17,0,0,0,4,24,28,84,13,3,3,104,199,19,224,236,70,395,12,0,140,10,585,21179,Elsternwick,92,7,0.08
160,208021180,Hughesdale,1043,0,3,7,4,8,15,0,3,3,4,23,25,63,3,3,4,76,114,12,126,125,41,244,17,0,132,3,406,21180,Hughesdale,88,10,0.11
161,208021181,Murrumbeena,1073,0,6,6,0,9,9,0,0,0,0,14,10,70,10,3,9,84,172,15,187,193,47,305,23,0,132,3,489,21181,Murrumbeena,87,12,0.14
162,208021182,Ormond - Glen Huntly,1064,4,12,17,7,22,32,0,0,0,5,31,39,115,14,10,8,151,170,22,188,190,61,384,37,0,197,9,660,21182,Ormond - Glen Huntly,135,20,0.15
163,208021426,Bentleigh East (North),1065,6,6,12,8,26,27,0,3,3,6,55,58,128,18,4,13,167,266,25,295,309,82,537,27,3,175,9,788,21426,Bentleigh East (North),158,29,0.18
164,208021427,Bentleigh East (South),1065,4,16,18,3,34,40,0,0,0,3,54,58,129,19,4,7,160,278,28,309,316,72,536,8,0,217,4,804,21427,Bentleigh East (South),188,25,0.13
165,208031183,Aspendale Gardens - Waterways,1088,0,10,11,3,15,20,0,0,0,3,22,23,60,7,5,4,80,179,7,184,196,46,305,13,0,126,6,463,21183,Aspendale Gardens - Waterways,128,18,0.14
166,208031185,Carrum - Patterson Lakes,1050,3,8,6,6,27,31,0,3,3,7,74,76,56,12,7,4,74,197,14,214,215,52,338,11,0,140,5,514,21185,Carrum - Patterson Lakes,144,18,0.12
167,208031186,Chelsea - Bonbeach,1033,0,6,11,3,27,28,0,3,3,5,72,82,88,14,0,3,113,286,33,327,336,86,526,11,0,256,12,818,21186,Chelsea - Bonbeach,176,29,0.16
168,208031187,Chelsea Heights,1039,0,3,3,0,6,12,0,0,0,0,20,26,35,8,0,0,44,140,14,151,157,31,228,5,0,65,3,311,21187,Chelsea Heights,75,9,0.12
169,208031188,Cheltenham - Highett (East),1048,3,24,25,3,44,50,0,0,3,5,79,85,176,26,3,4,216,392,36,437,451,125,774,21,0,340,19,1205,21188,Cheltenham - Highett (East),252,37,0.15
170,208031189,Edithvale - Aspendale,1078,0,9,10,0,38,35,0,0,0,0,56,60,81,6,0,3,92,313,15,337,346,62,485,15,0,189,3,718,21189,Edithvale - Aspendale,157,31,0.2
171,208031190,Mentone,1061,0,9,12,0,23,28,0,3,3,3,37,42,81,4,3,8,100,198,14,218,222,59,362,9,3,180,11,591,21190,Mentone,134,14,0.1
172,208041194,Malvern - Glen Iris,1105,8,14,18,8,30,30,0,0,0,8,48,49,122,10,7,4,148,284,15,303,305,81,521,23,3,258,13,845,21194,Malvern - Glen Iris,151,26,0.17
173,208041195,Malvern East,1092,5,0,5,5,19,27,0,4,4,5,36,39,144,15,5,7,169,373,16,397,405,91,652,22,4,244,6,960,21195,Malvern East,212,28,0.13
174,209011196,Bundoora - East,1023,0,4,4,3,19,21,0,0,0,3,46,48,46,6,0,0,54,134,11,148,148,48,249,13,0,160,24,464,21196,Bundoora - East,82,19,0.23
175,209011197,Greensborough,1070,4,11,13,5,35,46,0,0,0,6,84,89,115,17,0,3,148,421,59,488,492,146,782,20,0,260,4,1097,21197,Greensborough,241,24,0.1
176,209011198,Heidelberg - Rosanna,1077,3,10,16,3,17,24,0,0,0,3,43,48,92,22,6,9,128,332,22,367,378,104,587,22,0,234,16,899,21198,Heidelberg - Rosanna,196,25,0.13
177,209011199,Heidelberg West,931,0,13,15,3,35,45,0,9,9,7,140,147,69,28,4,6,101,179,34,220,228,70,389,11,8,256,49,757,21199,Heidelberg West,167,40,0.24
178,209011200,Ivanhoe,1089,0,3,3,0,14,14,0,3,3,0,21,21,80,11,3,0,97,167,20,188,195,46,329,11,0,128,10,505,21200,Ivanhoe,115,8,0.07
179,209011201,Ivanhoe East - Eaglemont,1121,0,4,4,0,11,11,0,0,0,0,10,10,39,3,0,3,46,116,5,123,133,20,190,3,0,83,3,295,21201,Ivanhoe East - Eaglemont,84,6,0.07
180,209011202,Montmorency - Briar Hill,1087,0,3,8,3,22,28,0,3,3,3,51,57,91,5,3,10,109,410,34,449,457,108,664,14,0,221,6,934,21202,Montmorency - Briar Hill,197,42,0.21
181,209011203,Viewbank - Yallambie,1067,3,11,8,5,32,39,0,3,3,11,62,72,132,19,9,7,165,381,32,419,423,97,677,26,5,296,13,1053,21203,Viewbank - Yallambie,242,25,0.1
182,209011204,Watsonia,1036,0,8,8,0,13,13,0,0,0,0,37,37,56,6,4,3,64,194,14,214,224,63,337,14,0,127,11,513,21204,Watsonia,104,18,0.17
183,209021205,Kingsbury,1014,0,3,5,0,17,18,0,0,0,0,32,38,49,5,0,9,65,114,9,129,129,18,198,10,5,104,38,381,21205,Kingsbury,86,20,0.23
184,209021207,Reservoir - East,940,8,17,21,4,63,63,0,5,5,13,210,224,126,30,4,12,178,306,81,388,408,75,642,47,8,471,120,1382,21207,Reservoir - East,283,55,0.19
185,209021208,Reservoir - West,966,3,21,26,9,52,55,0,10,10,19,125,140,139,23,11,11,182,324,56,386,404,103,652,37,6,431,149,1376,21208,Reservoir - West,268,45,0.17
186,209021428,Preston - East,979,7,9,13,10,31,41,0,3,3,14,94,106,87,25,0,11,120,266,40,310,324,89,511,21,3,227,97,905,21428,Preston - East,196,40,0.2
187,209021429,Preston - West,1029,0,7,8,0,25,31,0,4,4,0,49,52,54,11,3,7,77,223,33,257,271,67,394,10,0,208,20,666,21429,Preston - West,185,39,0.21
188,209031209,Eltham,1104,3,10,15,3,34,33,0,0,0,3,52,56,121,22,0,12,155,443,29,486,502,135,780,14,0,276,8,1114,21209,Eltham,265,41,0.15
189,209031210,Hurstbridge,1072,0,5,5,0,3,3,0,0,0,0,9,11,11,0,0,0,17,61,22,89,90,7,115,0,0,45,7,166,21210,Hurstbridge,54,3,0.06
190,209031211,Kinglake,1031,0,0,0,0,3,4,0,0,0,7,12,14,14,5,0,0,19,56,4,63,61,17,91,0,0,70,3,175,21211,Kinglake,45,8,0.18
191,209031212,Panton Hill - St Andrews,1092,0,3,3,0,7,7,0,0,0,0,16,16,19,3,0,0,25,45,3,49,49,18,97,0,0,50,0,150,21212,Panton Hill - St Andrews,36,3,0.08
192,209031213,Plenty - Yarrambat,1101,0,0,3,0,8,10,0,0,0,0,24,28,62,10,0,3,74,170,9,176,184,32,290,3,0,100,3,404,21213,Plenty - Yarrambat,106,8,0.08
193,209031214,Research - North Warrandyte,1117,0,3,4,0,9,9,0,0,0,0,11,17,35,8,0,0,39,127,18,149,152,33,228,5,0,77,9,325,21214,Research - North Warrandyte,81,5,0.06
194,209031215,Wattle Glen - Diamond Creek,1091,10,7,13,6,26,33,0,3,3,9,36,48,81,4,0,3,90,261,15,290,300,76,460,6,0,182,5,665,21215,Wattle Glen - Diamond Creek,162,17,0.1
195,209041216,Bundoora - North,1044,3,3,3,3,6,10,0,0,0,3,13,17,44,3,3,8,58,97,7,106,109,34,188,6,3,108,41,369,21216,Bundoora - North,60,11,0.18
196,209041217,Bundoora - West,980,0,0,0,0,9,11,0,0,0,3,28,30,39,6,3,3,50,62,7,65,67,23,134,8,0,85,21,263,21217,Bundoora - West,42,13,0.31
197,209041219,Lalor,897,7,15,23,9,44,56,4,9,16,19,173,194,146,16,3,7,186,178,32,216,225,68,466,43,12,499,153,1270,21219,Lalor,239,62,0.26
198,209041220,Mill Park - North,1022,6,10,17,5,36,41,0,0,0,6,97,105,73,12,5,3,98,179,18,210,214,59,367,28,3,274,43,746,21220,Mill Park - North,164,28,0.17
199,209041221,Mill Park - South,1002,3,3,7,3,28,30,0,12,8,7,73,79,57,11,3,0,78,131,26,162,169,46,289,18,8,223,48,626,21221,Mill Park - South,123,25,0.2
200,209041223,Thomastown,879,3,11,12,5,43,47,0,12,8,7,172,183,85,18,12,12,125,119,36,155,163,40,312,34,8,372,141,964,21223,Thomastown,199,51,0.26
201,209041224,Wallan,1024,7,21,26,7,53,61,0,9,11,12,158,174,126,19,0,9,155,300,27,336,337,104,586,27,8,325,30,1027,21224,Wallan,281,44,0.16
202,209041225,Whittlesea,1025,4,4,7,4,12,18,0,0,0,4,46,45,43,0,0,3,46,132,13,138,143,34,223,3,0,115,7,364,21225,Whittlesea,81,12,0.15
203,209041430,Doreen,1060,6,20,23,10,76,90,0,14,15,17,222,241,225,16,8,14,272,709,42,767,780,241,1267,43,0,597,23,2011,21430,Doreen,451,74,0.16
204,209041431,Epping - East,979,0,10,14,0,25,22,0,6,8,4,99,101,107,13,5,3,122,168,13,186,192,54,355,30,3,275,55,780,21431,Epping - East,171,48,0.28
205,209041432,Epping - South,934,0,11,13,3,21,23,0,9,9,4,76,81,43,6,7,4,67,79,9,86,97,7,159,15,0,163,50,438,21432,Epping - South,101,24,0.24
206,209041433,Epping - West,1008,5,17,20,5,50,55,0,4,7,9,97,106,148,24,12,12,197,249,44,299,314,82,574,45,6,373,56,1116,21433,Epping - West,260,59,0.23
207,209041435,South Morang (North),1060,0,9,13,0,25,26,0,0,0,5,66,68,121,26,3,8,164,302,30,341,338,75,565,32,0,292,22,947,21435,South Morang (North),208,30,0.14
208,209041436,South Morang (South),1025,3,9,10,4,25,28,4,3,4,6,73,77,83,12,3,5,103,204,11,227,238,54,385,22,3,195,29,669,21436,South Morang (South),147,37,0.25
209,210011228,Keilor,1049,3,3,6,3,18,20,0,0,0,3,28,28,48,6,0,3,60,115,9,133,133,22,217,11,0,114,10,363,21228,Keilor,76,12,0.16
210,210011229,Keilor East,1017,8,9,17,5,38,43,0,6,6,11,91,95,172,13,4,10,202,403,31,451,456,139,781,21,0,372,42,1269,21229,Keilor East,282,56,0.2
211,210011230,Niddrie - Essendon West,1059,0,0,0,0,9,9,0,0,0,0,23,23,51,3,0,0,55,119,6,132,135,48,231,0,0,112,13,366,21230,Niddrie - Essendon West,59,6,0.1
212,210011231,Strathmore,1097,3,3,10,3,5,12,0,0,0,3,15,12,67,3,0,3,76,172,0,175,179,50,293,12,0,101,3,415,21231,Strathmore,134,21,0.16
213,210021232,Gisborne,1083,0,8,9,0,33,38,0,0,0,0,51,51,84,4,0,0,94,323,24,352,361,89,537,8,0,228,6,801,21232,Gisborne,223,40,0.18
214,210021233,Macedon,1103,0,0,3,0,0,7,0,0,0,0,11,7,8,3,0,4,21,64,5,69,72,11,93,3,0,46,4,159,21233,Macedon,32,2,0.06
215,210021234,Riddells Creek,1083,3,0,3,3,7,8,0,0,0,3,9,14,24,0,0,0,24,68,3,70,70,30,125,0,0,45,0,176,21234,Riddells Creek,57,11,0.19
216,210021235,Romsey,1041,4,7,11,5,17,23,0,0,0,5,56,57,44,3,0,3,56,142,14,157,162,53,264,8,0,157,8,449,21235,Romsey,122,26,0.21
217,210031236,Coburg North,1004,0,3,3,0,12,11,0,0,0,3,25,30,62,14,0,5,85,141,28,169,177,55,306,5,0,128,22,494,21236,Coburg North,95,20,0.21
218,210031237,Fawkner,916,0,5,6,4,24,27,3,5,5,11,69,78,61,16,0,6,90,141,28,176,188,34,291,45,3,469,89,970,21237,Fawkner,220,56,0.25
219,210031239,Pascoe Vale,1034,11,15,21,13,46,53,0,3,3,11,92,103,154,19,3,3,184,409,39,455,470,149,790,37,10,442,42,1360,21239,Pascoe Vale,254,44,0.17
220,210031438,Glenroy,949,7,8,15,7,35,43,0,12,9,14,131,138,140,24,10,12,183,241,38,284,305,70,528,45,4,546,120,1351,21438,Glenroy,300,97,0.32
221,210031439,Gowanbrae,1074,0,4,4,0,9,9,0,0,0,0,16,16,29,0,0,0,38,73,11,80,82,18,127,6,0,45,0,189,21439,Gowanbrae,27,1,0.04
222,210031440,Hadfield,948,0,3,3,0,13,19,0,3,3,3,51,47,31,8,0,0,41,54,10,68,77,24,137,11,3,114,9,299,21440,Hadfield,77,18,0.23
223,210041240,Sunbury,1044,0,6,8,0,36,36,0,3,3,3,85,90,91,7,0,3,103,204,25,239,249,57,397,18,3,164,10,615,21240,Sunbury,167,22,0.13
224,210041241,Sunbury - South,1020,0,33,33,3,106,110,0,12,14,6,252,260,172,20,6,10,210,474,45,524,535,150,885,29,0,437,41,1441,21241,Sunbury - South,334,65,0.19
225,210051242,Broadmeadows,782,0,11,11,0,28,28,0,14,14,4,187,185,45,22,8,11,81,51,17,76,84,19,166,13,9,324,164,765,21242,Broadmeadows,204,76,0.37
226,210051243,Campbellfield - Coolaroo,798,0,15,15,3,35,34,0,9,9,7,162,176,43,12,0,14,71,53,21,76,92,12,154,23,5,442,229,955,21243,Campbellfield - Coolaroo,227,105,0.46
227,210051245,Gladstone Park - Westmeadows,993,3,17,15,7,45,49,0,5,5,6,111,123,72,7,0,9,89,223,20,241,254,70,401,6,3,281,27,763,21245,Gladstone Park - Westmeadows,196,59,0.3
228,210051246,Greenvale - Bulla,1058,8,12,16,8,25,34,0,0,0,3,58,66,99,13,0,4,121,242,16,268,279,75,470,22,3,325,41,888,21246,Greenvale - Bulla,165,40,0.24
229,210051247,Meadow Heights,821,3,9,15,10,26,39,0,10,10,14,160,171,31,10,0,15,53,57,7,67,79,18,130,20,4,363,241,846,21247,Meadow Heights,237,88,0.37
230,210051249,Roxburgh Park - Somerton,905,6,16,18,6,34,46,3,5,10,15,163,178,100,29,3,10,155,130,30,161,188,32,342,21,11,629,267,1390,21249,Roxburgh Park - Somerton,338,113,0.33
231,210051441,Craigieburn - Central,942,0,5,9,3,16,20,0,4,5,3,79,84,42,12,3,4,60,92,18,109,117,12,184,21,3,228,43,517,21441,Craigieburn - Central,127,57,0.45
232,210051443,Craigieburn - South,967,5,16,18,6,42,43,0,5,10,9,146,155,144,31,10,12,195,203,53,260,269,61,510,60,4,424,107,1176,21443,Craigieburn - South,296,79,0.27
233,210051444,Craigieburn - West,979,3,17,18,12,43,57,3,6,10,16,159,178,214,26,6,12,266,316,55,382,407,118,757,64,6,568,110,1591,21444,Craigieburn - West,418,106,0.25
234,211011251,Bayswater,1005,3,11,17,7,33,39,0,4,4,11,94,100,74,8,4,4,90,196,23,228,236,64,373,15,0,223,11,657,21251,Bayswater,112,26,0.23
235,211011254,Knoxfield - Scoresby,1051,0,7,9,6,26,36,0,0,0,11,73,80,109,12,6,8,137,232,23,258,265,68,457,15,0,276,6,795,21254,Knoxfield - Scoresby,184,24,0.13
236,211011255,Lysterfield,1104,0,3,4,0,11,13,0,0,0,3,15,18,23,3,0,0,27,98,9,105,106,20,152,4,0,88,0,255,21255,Lysterfield,51,8,0.16
237,211011256,Rowville - Central,1067,3,9,15,3,20,24,0,5,5,4,51,59,110,14,7,10,136,210,26,235,245,80,447,14,3,224,17,741,21256,Rowville - Central,137,20,0.15
238,211011257,Rowville - North,1080,0,3,3,0,12,12,0,3,3,3,30,35,72,6,0,5,81,128,8,144,149,51,268,15,4,112,6,422,21257,Rowville - North,92,13,0.14
239,211011258,Rowville - South,1090,0,3,3,0,5,9,0,3,3,0,24,23,81,4,5,3,100,153,21,177,180,47,309,14,0,133,9,487,21258,Rowville - South,75,10,0.13
240,211011259,Wantirna,1053,0,7,11,3,20,21,0,3,3,3,61,64,84,12,3,4,101,206,20,224,231,42,363,21,3,195,9,621,21259,Wantirna,158,25,0.16
241,211011260,Wantirna South,1056,4,17,20,4,35,36,0,3,3,9,72,80,83,12,5,3,107,184,23,218,224,50,374,20,0,215,18,662,21260,Wantirna South,156,26,0.17
242,211011446,Boronia,1014,10,9,17,7,52,64,0,6,7,17,165,179,126,14,4,17,160,348,33,389,410,119,666,27,3,405,24,1189,21446,Boronia,227,50,0.22
243,211011447,Ferntree Gully (North),1021,3,18,18,8,51,59,0,3,3,10,87,100,79,9,7,12,106,238,22,271,276,78,439,23,0,211,5,717,21447,Ferntree Gully (North),164,25,0.15
244,211011448,Ferntree Gully (South) - Upper Ferntree Gully,1043,3,9,14,8,28,31,0,0,4,7,89,94,64,11,0,9,94,273,23,301,316,91,478,15,0,205,13,751,21448,Ferntree Gully (South) - Upper Ferntree,166,21,0.13
245,211011449,The Basin,1058,0,0,0,0,5,5,0,0,0,0,23,22,23,11,0,0,39,89,5,101,101,35,169,0,0,58,4,242,21449,The Basin,57,10,0.18
246,211021261,Donvale - Park Orchards,1095,7,9,14,8,20,28,0,0,0,8,38,47,73,11,0,0,84,219,30,254,263,68,405,12,0,189,5,645,21261,Donvale - Park Orchards,158,30,0.19
247,211021262,Warrandyte - Wonga Park,1107,0,0,0,0,6,6,0,0,0,0,17,17,40,6,0,0,52,125,6,131,137,23,209,4,0,92,4,314,21262,Warrandyte - Wonga Park,93,12,0.13
248,211031263,Bayswater North,1034,4,6,8,4,28,31,0,0,0,4,73,77,74,13,4,3,96,229,27,266,272,77,435,14,3,194,9,668,21263,Bayswater North,138,20,0.14
249,211031265,Croydon Hills - Warranwood,1093,0,5,5,0,33,30,0,0,0,0,66,61,72,19,5,0,106,365,25,405,411,95,601,19,4,224,3,875,21265,Croydon Hills - Warranwood,220,35,0.16
250,211031266,Ringwood,1012,3,10,16,3,28,29,0,8,5,7,86,90,92,14,5,4,115,307,33,340,355,91,547,34,10,302,48,996,21266,Ringwood,211,33,0.16
251,211031267,Ringwood East,1051,0,18,17,5,36,38,0,6,6,7,99,101,133,19,3,8,162,400,29,439,452,140,741,26,0,380,32,1208,21267,Ringwood East,258,45,0.17
252,211031268,Ringwood North,1095,0,3,3,0,18,18,0,0,0,0,23,23,74,3,0,7,90,172,12,181,185,55,330,4,0,123,3,480,21268,Ringwood North,122,17,0.14
253,211031450,Croydon - East,1005,5,7,9,11,43,52,0,3,3,13,107,120,88,11,3,0,114,309,25,343,346,89,536,21,0,289,26,917,21450,Croydon - East,138,38,0.28
254,211031451,Croydon - West,1033,0,4,4,0,35,38,0,3,3,3,92,93,77,8,0,3,86,246,22,268,269,65,415,18,0,227,13,693,21451,Croydon - West,130,25,0.19
255,211031452,Croydon South,1044,3,5,5,3,15,12,0,3,3,3,27,32,30,4,0,3,36,110,5,117,120,31,184,6,0,83,14,300,21452,Croydon South,41,11,0.27
256,211041269,Forest Hill,1029,0,0,0,0,12,15,0,0,0,0,39,40,73,14,0,6,95,147,18,170,184,36,291,10,0,170,9,519,21269,Forest Hill,112,14,0.12
257,211041270,Mitcham (Vic.),1063,5,7,14,5,21,25,0,0,0,3,54,59,145,10,6,22,186,297,31,325,336,100,589,30,0,306,24,1001,21270,Mitcham (Vic.),204,35,0.17
258,211041271,Nunawading,1045,0,6,11,3,25,27,0,0,0,3,41,43,79,4,0,7,93,254,25,293,297,58,438,18,0,186,17,678,21271,Nunawading,147,24,0.16
259,211041272,Vermont,1069,4,6,10,4,19,19,0,0,3,3,29,38,79,8,4,3,94,183,16,198,204,47,340,8,0,177,12,563,21272,Vermont,138,16,0.12
260,211041273,Vermont South,1071,0,4,8,0,9,7,3,0,5,4,31,35,76,6,5,3,96,93,22,114,113,25,230,7,3,122,10,397,21273,Vermont South,70,3,0.04
261,211051274,Belgrave - Selby,1074,0,6,5,0,20,23,0,6,6,3,45,47,58,4,3,4,71,191,32,223,232,49,340,7,0,144,8,517,21274,Belgrave - Selby,100,20,0.2
262,211051275,Chirnside Park,1059,0,0,0,0,21,22,0,0,0,3,45,53,49,8,3,3,62,199,11,219,219,38,319,7,0,151,3,490,21275,Chirnside Park,131,23,0.18
263,211051276,Healesville - Yarra Glen,1018,3,10,12,3,33,36,0,4,5,6,92,95,64,8,3,0,75,233,18,253,260,49,386,14,0,188,5,608,21276,Healesville - Yarra Glen,162,32,0.2
264,211051277,Kilsyth,1017,0,7,3,0,26,24,0,0,0,0,55,58,33,7,0,4,39,194,11,210,214,47,300,17,0,138,5,477,21277,Kilsyth,98,14,0.14
265,211051278,Lilydale - Coldstream,1034,0,16,19,0,52,56,0,7,7,9,110,116,88,14,0,5,118,320,20,337,347,64,523,6,0,286,24,879,21278,Lilydale - Coldstream,207,36,0.17
266,211051279,Monbulk - Silvan,1054,3,0,3,3,8,9,0,3,3,3,26,24,21,3,0,0,20,90,8,98,96,28,149,4,0,89,5,255,21279,Monbulk - Silvan,52,11,0.21
267,211051280,Montrose,1060,3,4,7,3,11,12,0,3,3,3,29,28,37,3,0,0,43,137,12,154,157,42,246,12,0,88,4,348,21280,Montrose,92,24,0.26
268,211051281,Mooroolbark,1036,5,16,22,5,51,55,0,5,5,11,136,145,101,12,4,16,140,462,28,503,515,113,736,15,0,429,34,1270,21281,Mooroolbark,242,42,0.17
269,211051282,Mount Dandenong - Olinda,1085,4,3,11,5,17,26,0,0,0,5,27,40,45,12,0,4,60,140,23,166,168,58,282,10,0,130,9,434,21282,Mount Dandenong - Olinda,124,38,0.31
270,211051283,Mount Evelyn,1053,0,4,5,0,20,24,3,0,6,7,61,64,33,5,0,0,43,210,25,231,234,54,332,9,0,169,4,528,21283,Mount Evelyn,128,30,0.23
271,211051284,Upwey - Tecoma,1068,3,4,9,3,23,27,0,3,3,10,45,55,30,8,0,4,48,181,16,204,212,51,295,9,0,137,4,459,21284,Upwey - Tecoma,112,17,0.15
272,211051285,Wandin - Seville,1054,0,0,0,0,15,17,0,0,3,3,23,26,29,0,0,3,27,163,6,172,172,34,236,6,0,141,4,389,21285,Wandin - Seville,92,12,0.13
273,211051286,Yarra Valley,982,0,3,12,4,59,65,0,5,5,7,138,152,37,8,3,0,53,229,29,252,266,67,384,7,0,277,15,721,21286,Yarra Valley,186,38,0.2
274,212011287,Beaconsfield - Officer,1071,4,15,13,4,39,47,0,8,8,3,89,93,116,9,4,5,136,284,19,300,306,87,524,13,0,264,21,838,21287,Beaconsfield - Officer,250,57,0.23
275,212011288,Bunyip - Garfield,1040,3,5,8,3,9,15,0,3,3,3,34,35,36,0,0,0,33,143,16,153,157,41,233,0,0,122,4,372,21288,Bunyip - Garfield,116,19,0.16
276,212011289,Emerald - Cockatoo,1064,7,5,9,8,41,45,0,6,6,9,91,99,78,11,6,6,98,339,26,364,365,81,546,17,0,282,19,886,21289,Emerald - Cockatoo,236,42,0.18
277,212011290,Koo Wee Rup,996,5,4,4,5,16,21,0,3,3,5,57,63,48,4,0,3,57,120,4,125,123,34,212,3,0,131,11,375,21290,Koo Wee Rup,101,12,0.12
278,212011291,Pakenham - North,991,9,30,41,14,96,109,0,28,29,15,321,335,161,21,5,14,198,429,33,477,511,97,760,43,3,547,36,1497,21291,Pakenham - North,374,78,0.21
279,212011292,Pakenham - South,992,21,21,44,30,121,147,0,18,18,35,376,402,236,41,3,16,304,624,58,692,713,146,1140,71,9,774,77,2165,21292,Pakenham - South,534,88,0.16
280,212021293,Berwick - North,1059,4,14,19,4,52,55,0,3,3,3,100,103,116,13,0,5,142,354,31,399,408,85,620,24,0,341,14,1053,21293,Berwick - North,265,38,0.14
281,212021294,Berwick - South,1060,6,23,31,14,61,79,0,10,13,14,173,185,234,34,4,21,294,588,68,665,680,143,1093,48,3,632,33,1871,21294,Berwick - South,438,70,0.16
282,212021295,Doveton,826,3,9,9,3,27,29,0,10,10,3,153,155,45,10,0,6,61,59,10,74,79,11,138,28,4,274,77,575,21295,Doveton,147,51,0.35
283,212021297,Hallam,946,3,9,13,4,22,26,0,9,9,10,83,88,45,16,3,5,75,98,23,127,133,31,226,14,5,272,57,619,21297,Hallam,138,45,0.33
284,212021299,Narre Warren North,1084,0,3,3,0,3,3,0,0,0,0,10,16,47,7,0,0,54,115,12,127,125,21,200,4,0,81,15,303,21299,Narre Warren North,61,5,0.08
285,212021453,Endeavour Hills - North,1002,3,16,18,4,28,32,0,11,11,5,74,85,84,13,6,7,112,134,21,162,168,33,303,10,3,220,23,595,21453,Endeavour Hills - North,122,22,0.18
286,212021454,Endeavour Hills - South,1009,0,12,13,3,23,27,0,3,3,3,80,85,86,6,3,0,98,125,20,143,154,50,288,24,3,268,36,670,21454,Endeavour Hills - South,164,43,0.26
287,212021455,Narre Warren - North East,1024,0,9,7,4,29,33,0,7,7,9,96,101,75,3,0,8,83,179,28,210,214,43,339,21,3,252,36,692,21455,Narre Warren - North East,178,30,0.17
288,212021456,Narre Warren - South West,975,0,11,7,4,37,40,0,9,9,4,136,145,90,6,3,7,110,173,15,197,208,64,367,37,3,299,41,789,21456,Narre Warren - South West,163,38,0.23
289,212031300,Cranbourne,940,15,20,34,15,68,80,0,15,15,22,254,274,128,23,3,9,164,224,31,265,290,59,495,52,8,450,51,1121,21300,Cranbourne,321,76,0.24
290,212031301,Cranbourne East,1038,13,21,34,19,91,106,4,30,31,26,227,248,390,47,16,15,476,640,79,724,754,181,1372,105,3,776,48,2409,21301,Cranbourne East,729,161,0.22
291,212031302,Cranbourne North,1002,8,14,28,15,58,72,0,23,23,20,206,225,235,25,13,11,286,448,46,502,518,114,895,82,4,549,54,1665,21302,Cranbourne North,457,89,0.19
292,212031303,Cranbourne South,1060,3,4,8,3,18,23,3,3,4,6,53,57,74,8,0,3,87,215,14,237,235,48,375,4,0,150,3,546,21303,Cranbourne South,147,31,0.21
293,212031304,Cranbourne West,997,4,16,22,3,66,70,0,11,11,15,157,167,210,24,5,9,248,341,36,389,398,93,732,41,5,508,46,1403,21304,Cranbourne West,382,73,0.19
294,212031305,Hampton Park - Lynbrook,927,5,28,28,7,72,82,0,19,19,16,229,243,178,34,4,8,234,234,48,287,304,48,562,63,10,709,131,1588,21305,Hampton Park - Lynbrook,378,79,0.21
295,212031306,Lynbrook - Lyndhurst,1039,6,7,16,7,22,35,0,4,3,8,59,71,278,40,9,17,344,333,44,387,390,100,813,64,0,454,42,1437,21306,Lynbrook - Lyndhurst,349,54,0.15
296,212031308,Pearcedale - Tooradin,1031,3,5,7,3,18,19,0,7,7,5,42,47,36,7,3,0,44,159,9,174,176,44,271,6,0,100,0,379,21308,Pearcedale - Tooradin,105,30,0.29
297,212031457,Narre Warren South (East),1058,3,3,4,3,16,15,0,3,3,3,57,59,84,10,0,9,101,191,22,213,221,44,353,15,0,227,31,659,21457,Narre Warren South (East),184,36,0.2
298,212031458,Narre Warren South (West),996,3,10,11,3,46,47,0,15,15,7,137,143,130,15,4,11,158,259,24,289,303,51,494,30,3,419,65,1075,21458,Narre Warren South (West),261,47,0.18
299,212041309,Clarinda - Oakleigh South,992,0,4,7,3,14,18,0,0,0,3,38,47,74,5,5,3,93,139,19,164,167,45,290,16,3,146,11,493,21309,Clarinda - Oakleigh South,135,28,0.21
300,212041310,Clayton South,957,3,3,3,3,14,18,0,0,0,3,48,51,93,15,7,3,120,137,29,169,177,29,317,33,3,239,101,728,21310,Clayton South,146,42,0.29
301,212041311,Dandenong,835,19,20,37,18,48,71,3,15,22,26,239,273,175,35,10,19,243,178,51,236,256,48,507,77,17,853,272,1941,21311,Dandenong,414,125,0.3
302,212041312,Dandenong North,932,10,19,24,12,48,58,0,9,6,20,160,178,128,21,8,14,169,218,43,266,276,48,480,51,8,420,88,1132,21312,Dandenong North,255,69,0.27
303,212041313,Dingley Village,1070,0,10,10,0,21,22,0,0,0,0,34,34,56,8,0,0,65,171,5,189,194,44,303,5,0,106,10,441,21313,Dingley Village,99,13,0.13
304,212041314,Keysborough,984,5,19,27,10,54,66,0,17,15,13,158,175,313,33,10,14,368,282,49,337,354,121,819,38,7,455,81,1470,21314,Keysborough,319,70,0.22
305,212041316,Noble Park North,947,0,8,8,0,10,12,0,3,3,3,50,50,33,8,0,3,43,77,13,89,96,19,153,8,0,151,27,357,21316,Noble Park North,82,16,0.2
306,212041317,Springvale,849,8,19,33,16,50,60,3,5,8,21,173,191,117,26,0,8,155,124,38,160,181,33,348,26,11,413,202,1098,21317,Springvale,244,84,0.34
307,212041318,Springvale South,872,14,10,26,11,34,48,0,3,3,16,126,141,96,7,0,6,120,93,18,118,122,16,250,19,12,231,67,617,21318,Springvale South,175,52,0.3
308,212041459,Noble Park - East,905,3,18,22,3,32,40,0,8,8,7,112,123,78,32,3,5,118,117,28,155,173,30,296,34,4,326,59,780,21459,Noble Park - East,117,29,0.25
309,212041460,Noble Park - West,870,7,26,27,3,47,56,3,17,21,18,205,221,123,23,3,18,158,124,37,155,171,33,344,35,6,395,108,989,21460,Noble Park - West,216,59,0.27
310,212051319,Ashwood - Chadstone,1029,0,12,15,4,41,40,0,4,3,4,88,96,125,17,3,3,158,268,37,311,324,90,560,28,0,283,32,945,21319,Ashwood - Chadstone,209,49,0.23
311,212051320,Clayton,986,0,11,10,3,15,17,0,5,5,5,55,60,117,19,7,16,160,151,26,182,197,45,366,49,5,298,57,847,21320,Clayton,143,32,0.22
312,212051321,Glen Waverley - East,1066,5,4,12,8,22,26,0,3,3,8,52,57,125,6,5,15,158,198,25,223,239,49,418,37,5,257,27,788,21321,Glen Waverley - East,275,29,0.11
313,212051322,Glen Waverley - West,1046,8,15,15,8,29,34,0,3,3,10,60,69,101,17,0,13,130,149,33,185,196,39,350,35,0,239,35,699,21322,Glen Waverley - West,223,44,0.2
314,212051323,Mount Waverley - North,1067,3,15,18,3,18,19,0,0,0,3,33,39,109,4,0,4,123,145,18,164,176,41,328,21,3,148,10,550,21323,Mount Waverley - North,170,24,0.14
315,212051324,Mount Waverley - South,1069,3,7,9,3,20,22,0,10,10,3,48,51,160,15,8,4,183,239,32,268,278,79,538,25,0,229,11,839,21324,Mount Waverley - South,224,32,0.14
316,212051325,Mulgrave,1044,5,8,17,5,24,33,0,3,9,13,80,90,161,18,5,14,191,288,37,329,340,84,599,26,0,315,34,1022,21325,Mulgrave,237,31,0.13
317,212051326,Oakleigh - Huntingdale,1033,7,5,11,5,23,26,0,5,5,10,62,73,168,35,8,10,220,291,31,323,340,90,629,39,0,323,27,1068,21326,Oakleigh - Huntingdale,227,39,0.17
318,212051327,Wheelers Hill,1071,0,14,17,3,36,41,0,3,3,9,55,68,154,11,7,7,175,197,30,223,237,32,428,22,6,238,15,734,21327,Wheelers Hill,205,28,0.14
319,213011328,Ardeer - Albion,887,3,5,9,6,21,26,0,9,9,6,74,77,42,3,5,6,64,62,20,81,87,29,162,20,10,159,44,424,21328,Ardeer - Albion,95,40,0.42
320,213011329,Cairnlea,976,8,13,23,8,36,44,0,3,3,11,89,98,91,9,3,11,114,126,17,146,161,22,278,14,4,173,30,539,21329,Cairnlea,153,25,0.16
321,213011330,Deer Park - Derrimut,944,15,30,46,18,77,94,3,10,14,32,278,312,316,31,16,17,397,402,53,473,500,120,966,47,19,727,135,2059,21330,Deer Park - Derrimut,463,100,0.22
322,213011331,Delahey,923,3,0,3,3,5,12,0,11,11,9,67,75,29,5,4,3,48,70,6,76,89,23,149,14,3,143,27,362,21331,Delahey,76,23,0.3
323,213011332,Keilor Downs,973,4,7,12,10,23,31,0,12,14,12,112,124,72,7,0,9,87,138,8,152,157,46,282,18,0,200,25,564,21332,Keilor Downs,165,35,0.21
324,213011333,Kings Park (Vic.),851,4,21,23,8,46,53,0,10,10,24,164,186,54,20,0,8,86,62,19,81,98,20,187,23,7,286,77,629,21333,Kings Park (Vic.),176,35,0.2
325,213011334,St Albans - North,842,11,16,30,11,42,55,10,24,32,23,260,283,96,13,7,15,136,88,36,128,141,25,276,34,15,403,107,938,21334,St Albans - North,267,111,0.42
326,213011335,St Albans - South,832,7,12,16,12,34,43,0,12,12,22,176,196,81,10,10,13,112,79,26,109,122,34,234,23,9,319,81,760,21335,St Albans - South,202,65,0.32
327,213011336,Sunshine,909,0,6,7,4,19,24,0,3,3,12,73,85,69,9,0,12,86,118,11,133,140,32,249,10,6,203,64,579,21336,Sunshine,118,31,0.26
328,213011337,Sunshine North,855,5,13,22,14,35,45,4,5,8,24,119,141,65,3,3,5,79,90,15,103,107,16,198,23,4,216,73,581,21337,Sunshine North,143,20,0.14
329,213011338,Sunshine West,879,6,26,29,6,54,62,3,18,15,11,208,225,69,21,10,9,119,139,27,170,186,53,332,27,9,345,88,884,21338,Sunshine West,210,70,0.33
330,213011339,Sydenham,993,0,15,11,4,30,32,0,7,10,5,71,82,81,10,3,3,102,125,9,144,148,54,296,29,0,223,26,604,21339,Sydenham,120,27,0.23
331,213011340,Taylors Lakes,1055,0,9,7,0,19,22,0,3,3,7,58,65,81,13,0,5,100,148,24,173,182,54,326,15,0,186,18,574,21340,Taylors Lakes,141,36,0.26
332,213021341,Altona,1034,0,9,12,0,28,28,0,3,3,3,59,64,105,15,5,4,126,202,24,231,231,75,422,16,3,179,11,653,21341,Altona,151,19,0.13
333,213021342,Altona Meadows,980,0,18,21,4,49,53,0,5,8,8,135,146,105,12,6,7,129,234,28,266,282,94,484,25,5,340,43,957,21342,Altona Meadows,195,63,0.32
334,213021343,Altona North,949,3,8,14,6,24,29,0,3,3,11,76,89,87,14,4,14,120,206,22,231,240,78,421,15,0,315,57,875,21343,Altona North,143,35,0.24
335,213021344,Newport,1073,3,26,26,3,50,55,0,0,0,3,74,84,172,34,4,14,224,436,28,475,487,143,836,23,0,302,15,1224,21344,Newport,272,29,0.11
336,213021345,Seabrook,1019,0,4,5,0,10,6,0,0,0,0,35,37,44,7,0,5,61,71,8,83,87,20,156,10,0,108,12,307,21345,Seabrook,106,14,0.13
337,213021346,Williamstown,1067,8,6,17,8,20,22,0,4,4,8,63,64,112,13,0,5,130,211,21,237,247,68,438,12,5,212,8,699,21346,Williamstown,193,24,0.12
338,213031347,Braybrook,900,4,13,17,8,44,49,6,13,13,19,167,186,118,11,4,3,144,184,28,214,228,60,408,27,8,352,59,935,21347,Braybrook,188,39,0.21
339,213031348,Footscray,962,0,12,13,0,20,19,0,10,9,4,76,78,84,24,3,11,123,164,36,203,222,60,377,29,9,201,31,713,21348,Footscray,135,21,0.16
340,213031349,Maribyrnong,1052,5,13,16,5,20,25,0,4,4,5,46,56,95,10,3,3,121,152,16,168,178,55,330,11,0,187,4,570,21349,Maribyrnong,117,14,0.12
341,213031350,Seddon - Kingsville,1048,3,4,8,3,27,25,0,8,8,3,45,53,93,11,7,7,121,250,31,283,288,86,486,18,0,136,10,679,21350,Seddon - Kingsville,135,23,0.17
342,213031351,West Footscray - Tottenham,996,0,11,10,3,27,29,0,5,5,3,58,61,69,10,0,6,90,251,38,289,308,79,460,28,10,196,14,736,21351,West Footscray - Tottenham,144,17,0.12
343,213031352,Yarraville,1069,0,6,6,3,19,20,0,0,0,3,50,48,118,22,5,4,158,340,26,373,395,128,651,16,0,264,12,988,21352,Yarraville,210,39,0.19
344,213041353,Bacchus Marsh,1007,8,16,18,8,52,60,0,12,12,12,194,208,123,20,0,7,162,349,35,384,404,79,616,20,0,383,25,1097,21353,Bacchus Marsh,284,28,0.1
345,213041355,Hillside,1052,5,8,16,7,44,50,0,7,7,5,116,123,175,9,7,4,194,366,38,409,423,141,751,44,5,419,23,1291,21355,Hillside,316,76,0.24
346,213041356,Melton,926,3,28,30,9,60,67,4,20,20,18,327,340,121,6,0,13,149,192,13,214,221,59,407,46,3,381,39,933,21356,Melton,294,69,0.23
347,213041357,Melton South,950,16,17,37,18,94,116,0,30,25,29,418,441,193,15,10,18,238,364,33,408,429,112,749,47,15,574,82,1583,21357,Melton South,488,104,0.21
348,213041358,Melton West,967,15,15,37,15,73,89,3,19,23,25,287,309,145,10,3,17,183,288,32,330,344,88,585,42,3,385,67,1169,21358,Melton West,310,71,0.23
349,213041359,Rockbank - Mount Cottrell,909,7,0,3,7,7,10,0,0,0,6,15,17,5,0,0,0,8,20,0,26,23,0,29,0,0,24,9,63,21359,Rockbank - Mount Cottrell,44,10,0.23
350,213041360,Taylors Hill,1042,4,8,13,4,47,56,0,3,3,4,117,120,215,17,16,11,268,417,42,474,489,117,849,35,5,532,46,1560,21360,Taylors Hill,327,69,0.21
351,213041461,Burnside,971,0,3,3,0,14,14,0,4,3,4,38,39,49,4,0,0,50,45,9,51,51,14,122,5,0,101,6,244,21461,Burnside,81,13,0.16
352,213041462,Burnside Heights,1018,4,11,10,4,18,28,0,0,0,5,59,66,85,19,12,3,111,153,19,170,175,39,317,17,0,236,18,620,21462,Burnside Heights,165,21,0.13
353,213041463,Caroline Springs,1035,8,13,25,11,44,52,0,4,4,14,122,140,204,25,8,11,249,337,24,373,386,103,721,45,0,430,70,1336,21463,Caroline Springs,324,53,0.16
354,213051361,Hoppers Crossing - North,992,3,22,28,9,44,49,0,9,13,21,156,176,125,24,4,12,170,156,45,205,218,44,414,50,0,388,52,980,21361,Hoppers Crossing - North,241,64,0.27
355,213051362,Hoppers Crossing - South,962,7,24,33,13,47,60,0,5,12,18,181,193,113,21,0,6,147,177,29,209,231,44,390,46,8,444,76,1056,21362,Hoppers Crossing - South,286,63,0.22
356,213051363,Laverton,988,0,15,18,5,18,23,0,3,3,9,64,74,120,10,5,8,140,141,26,166,174,42,347,37,0,242,34,710,21363,Laverton,130,52,0.4
357,213051365,Tarneit,1020,17,54,69,23,117,137,3,28,31,34,352,388,544,69,25,25,671,740,112,869,894,196,1731,202,26,1328,120,3588,21365,Tarneit,868,200,0.23
358,213051366,Truganina,1025,8,41,48,12,78,99,0,22,22,20,224,243,458,55,13,18,540,452,65,530,557,135,1237,131,14,1041,94,2685,21366,Truganina,644,151,0.23
359,213051368,Werribee - South,984,3,11,14,3,23,30,0,7,7,3,75,77,66,3,3,0,79,121,17,141,145,37,264,15,3,175,29,500,21368,Werribee - South,132,34,0.26
360,213051369,Wyndham Vale,988,15,43,60,27,110,135,0,15,16,36,321,358,273,14,10,18,325,400,37,443,460,142,890,107,14,717,52,1892,21369,Wyndham Vale,474,121,0.26
361,213051464,Point Cook - East,1076,10,14,24,14,34,47,0,5,10,16,122,141,187,23,3,5,218,221,38,275,287,68,566,38,6,339,25,1025,21464,Point Cook - East,291,75,0.26
362,213051465,Point Cook - North,1062,13,22,34,13,65,76,4,5,9,20,134,158,363,32,13,20,429,485,68,558,583,108,1074,101,4,705,47,2037,21465,Point Cook - North,451,82,0.18
363,213051466,Point Cook - South,1082,3,18,23,7,29,41,0,15,15,7,102,105,354,29,17,10,413,354,33,388,416,125,919,95,3,556,28,1687,21466,Point Cook - South,457,79,0.17
364,213051467,Werribee - East,908,10,23,27,8,53,64,0,21,21,21,244,261,91,15,3,5,120,177,22,208,221,49,376,38,6,466,100,1083,21467,Werribee - East,288,66,0.23
365,213051468,Werribee - West,999,0,7,6,4,41,41,0,7,7,4,98,102,63,11,0,3,82,129,20,154,158,53,283,24,5,228,22,596,21468,Werribee - West,169,43,0.25
366,214011370,Carrum Downs,979,8,32,37,18,104,117,0,5,7,27,245,271,128,9,7,5,157,341,41,391,415,78,616,34,0,396,35,1154,21370,Carrum Downs,287,69,0.24
367,214011371,Frankston,962,3,17,19,9,80,87,4,18,20,15,232,252,78,23,0,13,108,291,41,336,341,105,549,22,0,310,22,962,21371,Frankston,217,45,0.21
368,214011372,Frankston North,916,3,17,26,12,70,83,3,20,23,28,305,326,53,16,3,12,84,198,24,221,235,71,369,20,9,324,54,826,21372,Frankston North,225,53,0.24
369,214011373,Frankston South,1075,14,11,23,14,27,40,0,10,10,16,68,80,88,14,4,10,126,345,27,381,390,91,583,16,0,223,14,866,21373,Frankston South,236,21,0.09
370,214011374,Langwarrin,1046,4,28,30,8,77,89,0,17,17,10,179,187,122,14,0,4,147,540,44,586,606,109,837,19,0,318,22,1245,21374,Langwarrin,298,53,0.18
371,214011375,Seaford (Vic.),994,9,12,20,9,47,56,0,8,8,11,124,130,78,12,0,16,108,276,27,316,326,107,525,22,0,250,11,854,21375,Seaford (Vic.),194,27,0.14
372,214011376,Skye - Sandhurst,1057,4,14,14,7,31,31,0,3,3,8,84,91,114,23,0,11,150,363,18,386,395,65,595,18,0,264,17,945,21376,Skye - Sandhurst,180,36,0.2
373,214021377,Dromana,1014,3,3,3,3,26,29,0,0,0,3,71,68,44,5,0,0,49,124,10,133,138,40,227,4,0,124,7,367,21377,Dromana,118,29,0.25
374,214021378,Flinders,1084,0,0,0,0,7,7,0,0,0,0,10,10,6,3,0,3,18,63,7,70,77,14,98,0,0,56,5,169,21378,Flinders,52,10,0.19
375,214021379,Hastings - Somers,992,0,17,18,0,60,67,5,9,17,9,206,211,85,6,3,4,100,300,35,341,359,81,516,24,0,311,23,933,21379,Hastings - Somers,286,93,0.33
376,214021380,Mornington,1022,3,21,23,11,63,75,0,12,12,10,153,164,98,8,3,0,107,375,34,418,439,80,612,17,0,238,5,920,21380,Mornington,233,40,0.17
377,214021381,Mount Eliza,1110,5,0,3,5,15,21,0,4,4,7,30,39,120,9,0,9,141,333,28,361,368,61,563,12,3,223,9,832,21381,Mount Eliza,282,19,0.07
378,214021382,Mount Martha,1087,0,6,14,8,28,35,0,0,0,8,45,52,96,7,0,0,107,429,26,463,465,74,644,14,0,259,4,946,21382,Mount Martha,205,19,0.09
379,214021383,Point Nepean,1014,3,5,6,3,41,38,0,0,0,3,111,116,34,5,0,8,46,218,35,262,272,43,348,12,4,202,19,616,21383,Point Nepean,161,20,0.12
380,214021384,Rosebud - McCrae,962,5,7,12,9,62,67,0,15,15,13,165,176,51,11,0,6,69,276,28,308,321,41,419,10,3,230,16,709,21384,Rosebud - McCrae,207,42,0.2
381,214021385,Somerville,1035,10,12,19,10,54,61,0,5,5,10,134,141,73,5,3,3,88,309,26,339,354,67,499,10,4,217,4,769,21385,Somerville,210,47,0.22
382,215011386,Ararat,915,0,4,3,3,15,21,0,3,4,7,65,77,35,3,0,0,37,71,8,89,92,21,145,6,0,79,12,256,21386,Ararat,79,28,0.35
383,215011387,Ararat Region,1006,0,0,0,0,6,7,0,0,0,0,8,11,17,0,0,0,21,52,4,60,66,19,102,4,0,41,8,155,21387,Ararat Region,40,7,0.17
384,215011388,Horsham,971,3,7,10,6,34,42,0,10,6,16,177,187,46,11,0,3,58,285,30,317,326,70,444,10,0,243,15,744,21388,Horsham,205,50,0.24
385,215011389,Horsham Region,1025,0,0,0,0,4,4,0,0,0,0,13,13,17,0,0,0,17,53,4,63,63,25,107,0,0,37,10,148,21389,Horsham Region,37,7,0.19
386,215011390,Nhill Region,956,0,3,3,0,8,8,0,0,0,0,33,32,20,0,0,0,25,82,7,87,94,11,124,0,0,93,7,245,21390,Nhill Region,73,16,0.22
387,215011392,Stawell,936,0,0,0,0,15,16,0,0,0,6,46,53,27,4,0,4,36,59,13,74,81,25,139,4,3,97,12,267,21392,Stawell,93,13,0.14
388,215011393,West Wimmera,976,0,0,0,0,3,3,0,0,0,7,8,13,10,3,0,0,12,47,7,54,54,13,81,0,0,35,5,125,21393,West Wimmera,31,10,0.32
389,215021395,Irymple,1018,3,0,5,3,13,16,0,0,0,3,46,52,33,6,3,0,41,114,14,127,131,35,199,4,0,74,4,304,21395,Irymple,89,12,0.13
390,215021396,Merbein,948,6,0,7,3,13,20,0,0,0,8,42,53,20,0,3,0,24,61,3,59,66,13,98,3,5,70,13,206,21396,Merbein,57,8,0.14
391,215021398,Mildura Region,973,0,0,0,0,3,9,0,0,0,0,20,24,9,3,0,0,17,58,6,60,60,9,86,3,0,44,0,150,21398,Mildura Region,30,5,0.17
392,215021399,Red Cliffs,928,0,3,4,8,9,22,0,0,0,12,69,79,17,0,4,0,20,79,3,87,92,26,129,8,0,70,17,237,21399,Red Cliffs,74,24,0.32
393,215021469,Mildura - North,886,7,21,30,11,66,75,0,14,14,22,280,303,63,13,3,4,83,189,34,225,237,54,361,8,11,243,42,735,21469,Mildura - North,225,62,0.28
394,215021470,Mildura - South,945,6,8,15,7,38,43,4,13,12,10,137,149,57,7,0,3,74,213,14,236,255,55,374,15,0,178,34,659,21470,Mildura - South,203,47,0.23
395,215031400,Buloke,967,0,3,3,0,11,11,0,0,0,0,31,31,10,0,0,3,20,64,5,75,77,12,100,0,0,79,10,196,21400,Buloke,52,16,0.31
396,215031401,Gannawarra,968,3,0,3,3,8,10,0,0,0,3,38,42,27,0,0,3,27,98,3,102,108,19,157,3,0,77,10,245,21401,Gannawarra,69,7,0.1
397,215031402,Kerang,938,0,0,0,0,7,9,0,0,0,7,28,27,11,0,0,0,10,59,0,58,64,11,86,0,0,50,3,139,21402,Kerang,27,5,0.19
398,215031403,Robinvale,871,3,0,4,3,7,7,0,0,0,3,33,35,17,0,0,3,22,39,3,37,40,9,69,3,0,72,11,163,21403,Robinvale,54,14,0.26
399,215031404,Swan Hill,952,0,13,11,8,45,49,0,5,5,11,120,131,62,6,0,4,76,168,16,177,182,54,308,5,0,161,23,521,21404,Swan Hill,166,52,0.31
400,215031405,Swan Hill Region,978,0,3,3,0,3,5,0,3,3,3,22,31,24,0,0,3,28,90,5,103,104,7,139,3,0,71,15,238,21405,Swan Hill Region,73,13,0.18
401,216011406,Echuca,972,4,7,15,7,51,54,0,7,10,14,149,162,61,7,3,0,72,233,16,252,268,40,370,15,0,134,12,564,21406,Echuca,189,39,0.21
402,216011408,Lockington - Gunbower,1007,0,0,0,0,7,7,0,3,3,3,22,20,19,3,0,0,22,58,0,57,64,8,92,0,0,57,4,158,21408,Lockington - Gunbower,46,10,0.22
403,216011409,Rochester,954,0,0,0,0,4,4,0,0,0,0,20,22,18,0,0,0,18,48,3,53,53,14,93,3,0,61,3,174,21409,Rochester,39,6,0.15
404,216021411,Cobram,913,0,5,5,0,24,24,0,4,4,0,58,57,13,3,0,4,25,86,6,93,97,18,130,10,4,73,17,251,21411,Cobram,61,14,0.23
405,216021412,Moira,985,3,5,3,3,0,4,0,0,0,3,8,16,3,0,0,0,5,34,0,35,35,11,49,0,0,36,3,88,21412,Moira,23,3,0.13
406,216021413,Numurkah,956,0,3,5,4,29,32,0,6,6,7,112,118,76,4,3,4,88,149,13,160,172,39,301,12,0,134,12,480,21413,Numurkah,136,26,0.19
407,216021414,Yarrawonga,961,0,3,3,0,38,37,0,0,0,6,85,91,23,3,0,3,29,129,11,138,144,33,211,4,0,75,6,303,21414,Yarrawonga,85,21,0.25
408,216031415,Mooroopna,896,3,10,14,4,39,42,0,5,5,12,118,134,32,4,0,3,38,83,7,92,100,21,155,7,0,76,22,281,21415,Mooroopna,112,54,0.48
409,216031416,Shepparton - North,952,4,14,22,4,46,49,0,21,22,12,203,212,99,16,4,6,126,236,47,286,301,63,484,12,3,270,74,890,21416,Shepparton - North,223,65,0.29
410,216031417,Shepparton - South,933,7,21,31,12,66,79,3,25,27,15,264,279,116,14,3,11,149,277,32,320,340,76,534,23,7,362,162,1169,21417,Shepparton - South,347,115,0.33
411,216031418,Shepparton Region - East,1031,3,3,9,3,6,9,0,0,0,3,18,27,11,0,0,0,12,80,9,89,94,11,119,0,0,59,0,187,21418,Shepparton Region - East,45,7,0.16
412,216031419,Shepparton Region - West,980,0,9,12,0,29,28,0,0,0,3,67,66,41,5,0,7,57,171,21,195,200,30,282,4,0,147,10,467,21419,Shepparton Region - West,110,18,0.16
413,217011420,Glenelg (Vic.),968,3,3,5,3,15,18,0,0,0,0,48,50,19,3,0,0,21,91,9,109,112,16,153,0,0,98,13,277,21420,Glenelg (Vic.),85,24,0.28
414,217011421,Hamilton (Vic.),976,0,3,3,0,26,26,0,0,0,3,78,81,35,7,5,4,51,148,7,164,164,33,240,4,0,129,14,408,21421,Hamilton (Vic.),98,20,0.2
415,217011422,Portland,929,0,5,9,0,24,24,0,0,3,3,104,111,23,0,0,3,22,130,16,145,150,40,209,4,0,156,8,408,21422,Portland,103,33,0.32
416,217011423,Southern Grampians,1018,0,0,0,0,7,7,0,0,0,0,10,10,25,3,0,0,32,104,8,113,118,29,171,3,0,77,4,267,21423,Southern Grampians,70,18,0.26
417,217031471,Camperdown,951,0,0,0,0,11,11,0,3,3,0,27,27,20,3,0,0,26,48,9,59,59,7,85,0,0,30,4,130,21471,Camperdown,45,9,0.2
418,217031472,Colac,931,0,12,9,3,51,57,0,3,3,10,154,165,61,7,0,0,74,200,16,217,226,30,324,0,0,172,12,532,21472,Colac,167,42,0.25
419,217031473,Colac Region,1008,0,0,0,0,4,4,0,0,0,3,19,19,27,5,0,3,34,89,4,95,103,33,156,4,0,89,3,255,21473,Colac Region,58,11,0.19
420,217031474,Corangamite - North,962,3,0,0,4,15,19,0,3,3,4,46,47,16,0,0,0,15,72,15,82,83,8,112,3,0,65,3,188,21474,Corangamite - North,63,14,0.22
421,217031475,Corangamite - South,1002,3,0,3,3,14,19,0,3,3,7,50,53,47,4,0,0,56,101,5,107,103,30,184,9,0,105,10,315,21475,Corangamite - South,97,20,0.21
422,217031476,Otway,995,0,0,0,0,11,12,0,0,0,0,12,14,9,0,0,0,10,21,5,26,32,7,48,3,0,36,0,91,21476,Otway,28,6,0.21
423,217041477,Moyne - East,1008,3,3,3,3,13,16,0,0,0,7,28,34,35,3,0,3,36,120,8,135,133,28,208,6,0,108,7,336,21477,Moyne - East,74,8,0.11
424,217041478,Moyne - West,1020,0,6,5,3,25,27,0,0,0,3,47,50,39,3,0,3,49,169,18,193,197,46,284,9,0,113,4,426,21478,Moyne - West,109,18,0.17
425,217041479,Warrnambool - North,986,4,14,15,4,69,77,0,6,6,12,208,217,67,12,3,16,97,381,34,427,427,93,606,13,3,273,24,968,21479,Warrnambool - North,209,34,0.16
426,217041480,Warrnambool - South,986,4,5,9,4,40,41,0,0,0,6,106,112,33,10,0,5,49,194,24,220,229,49,318,5,0,140,10,497,21480,Warrnambool - South,138,12,0.09
